{"cost_train": [0.28641897642249264, 0.12226183309852487, 0.084273310183446887, 0.062694828400608055, 0.047830837372639851, 0.03687383714316271, 0.02870294603349537, 0.022651747331347755, 0.01783668719389405, 0.014286021081308903, 0.01152724196920309, 0.0093590441668899571, 0.007714444338488822, 0.0064746819437376049, 0.0055147246865974095, 0.0047665175327375065, 0.0041611334701611193, 0.0036846825803354051, 0.0032968954876073115, 0.0029757107544963533, 0.0027068813060515942, 0.0024781094379985381, 0.0022830957550129282, 0.0021155699930935747, 0.0019634905866918761, 0.0018343238345100059, 0.0017175750141527799, 0.0016137219173030372, 0.0015199211033131398, 0.0014365310118435485, 0.001361424914507533, 0.0012926391645693926, 0.0012306023653797659, 0.0011729201125933984, 0.0011208569819309206, 0.0010713262405568878, 0.0010284587237431571, 0.00098639193451283505, 0.00094864804890856574, 0.00091313639362922236, 0.00087971767445964018, 0.00084911127952015664, 0.00082005573656340541, 0.00079237552811635002, 0.00076689692060563912, 0.00074218714761675915, 0.00072013626935317021, 0.00069848161531480457, 0.00067804244587995255, 0.00065876143690855502], "acc_train": [0.91634, 0.96514, 0.97572, 0.98174, 0.9871, 0.99048, 0.99374, 0.99574, 0.99718, 0.99804, 0.9986, 0.9991, 0.99936, 0.99958, 0.99976, 0.99986, 0.99992, 0.99996, 0.99996, 0.99998, 0.99998, 0.99998, 1.0, 1.0, 1.0, 1.0, 1.0, 1.0, 1.0, 1.0, 1.0, 1.0, 1.0, 1.0, 1.0, 1.0, 1.0, 1.0, 1.0, 1.0, 1.0, 1.0, 1.0, 1.0, 1.0, 1.0, 1.0, 1.0, 1.0, 1.0], "cost_test": [0.15727524883865443, 0.11364490938180531, 0.098711621903091698, 0.088002781029724503, 0.080732680507373492, 0.075919690760775788, 0.073917402528491646, 0.071865671567567083, 0.069455502828953256, 0.068812390383560726, 0.068599122413502578, 0.068176201721247678, 0.068193529175012549, 0.068426080956473942, 0.068431004528398745, 0.068410902275714919, 0.068474384149584303, 0.068481301674010869, 0.068597268696038924, 0.068596650633698089, 0.068653148145989856, 0.068795622004407156, 0.068851937585962225, 0.069018386081925245, 0.069133358827993027, 0.069344679425103306, 0.069541406877698192, 0.069648368823250498, 0.069828042670360552, 0.069995606878611297, 0.070132237767276895, 0.070364170608554655, 0.070463590804253545, 0.070675699558655089, 0.070827732402451202, 0.071015774548075991, 0.071118923637262271, 0.071281431126076822, 0.071501952106756889, 0.071594453062816837, 0.071755567728349706, 0.071914436024964154, 0.072005175500657131, 0.072174520872145737, 0.072339154602303252, 0.072476231362310892, 0.072606257371051169, 0.072772977986510445, 0.072837255843515442, 0.073001287128106648], "acc_test": [0.95440000000000003, 0.96630000000000005, 0.96999999999999997, 0.97309999999999997, 0.97519999999999996, 0.97660000000000002, 0.97729999999999995, 0.97789999999999999, 0.97860000000000003, 0.97929999999999995, 0.97989999999999999, 0.97970000000000002, 0.97970000000000002, 0.97999999999999998, 0.97960000000000003, 0.97970000000000002, 0.97999999999999998, 0.98029999999999995, 0.98029999999999995, 0.98080000000000001, 0.98119999999999996, 0.98180000000000001, 0.98199999999999998, 0.98180000000000001, 0.98180000000000001, 0.98170000000000002, 0.9819, 0.98209999999999997, 0.98219999999999996, 0.98219999999999996, 0.98219999999999996, 0.98219999999999996, 0.98240000000000005, 0.98229999999999995, 0.98219999999999996, 0.98229999999999995, 0.98209999999999997, 0.98229999999999995, 0.98219999999999996, 0.98209999999999997, 0.98209999999999997, 0.98219999999999996, 0.98219999999999996, 0.98219999999999996, 0.98209999999999997, 0.98209999999999997, 0.98219999999999996, 0.98219999999999996, 0.98219999999999996, 0.98229999999999995], "cost_dev": [0.15146349551787258, 0.10883584020813734, 0.095113997984529561, 0.086116522278591498, 0.080048635641334409, 0.076287650403673191, 0.075934875240739649, 0.075676133351518626, 0.073842110206301895, 0.074227925232333042, 0.075241496085307558, 0.075134437980610841, 0.075792831471880345, 0.076035805689552108, 0.07640114221972906, 0.076503261270321046, 0.076585303560469789, 0.076819737333422886, 0.076932037050102278, 0.077043609792981166, 0.077100257769587344, 0.077312628775185147, 0.077418706090307376, 0.077556166198566562, 0.077722177018699684, 0.077795373462819908, 0.078121198129316588, 0.078219306040622438, 0.078407732602637434, 0.078558599250109662, 0.078651379814467598, 0.07893112685440333, 0.079035594594681666, 0.079248259672796334, 0.079421731849490002, 0.079585777210906608, 0.079776649449132417, 0.079909599953504398, 0.080164072187740743, 0.080251113914147007, 0.080459103580871091, 0.080624115889055312, 0.08075220907692135, 0.080929523800311182, 0.081069398453024522, 0.081250959515129437, 0.081390399770086552, 0.081558460665035415, 0.081693156169330997, 0.081887688703056377], "acc_dev": [0.9577, 0.96830000000000005, 0.97170000000000001, 0.97509999999999997, 0.97629999999999995, 0.97740000000000005, 0.97819999999999996, 0.97840000000000005, 0.97899999999999998, 0.97960000000000003, 0.97909999999999997, 0.9798, 0.97999999999999998, 0.98080000000000001, 0.98089999999999999, 0.98099999999999998, 0.98109999999999997, 0.98099999999999998, 0.98140000000000005, 0.98119999999999996, 0.98150000000000004, 0.98180000000000001, 0.98209999999999997, 0.98199999999999998, 0.98209999999999997, 0.98219999999999996, 0.98219999999999996, 0.98209999999999997, 0.98219999999999996, 0.98219999999999996, 0.98209999999999997, 0.98219999999999996, 0.98229999999999995, 0.98250000000000004, 0.98240000000000005, 0.98240000000000005, 0.98229999999999995, 0.98229999999999995, 0.98240000000000005, 0.98240000000000005, 0.98260000000000003, 0.98260000000000003, 0.98260000000000003, 0.98260000000000003, 0.98260000000000003, 0.98260000000000003, 0.98270000000000002, 0.98270000000000002, 0.98270000000000002, 0.98280000000000001]}